交番	栄町交番	松戸市栄町6-451-2	35.8074356	139.9055225	頼りになるね！栄町交番	-200
交番	小根本交番	松戸市小根本7-9	35.786655	139.903656	頼りになるね！小根本交番	-200
交番	松戸駅前交番	松戸市松戸1222-2	35.7840662	139.8979797	頼りになるね！松戸駅前交番	-200
交番	松飛台交番	松戸市松飛台192-2	35.7852484	139.9640438	頼りになるね！松飛台交番	-200
交番	新松戸交番	松戸市新松戸2-123	35.8258008	139.9181818	頼りになるね！新松戸交番	-200
交番	東松戸交番	松戸市紙敷437	35.7704837	139.9427141	頼りになるね！東松戸交番	-200
交番	二十世紀が丘交番	松戸市二十世紀が丘柿の木町16-1	35.7727261	139.9046255	頼りになるね！二十世紀が丘交番	-200
交番	馬橋西交番	松戸市西馬橋蔵元町177	35.8141078	139.9112666	頼りになるね！馬橋西交番	-200
交番	八柱交番	松戸市日暮1-4	35.7912763	139.9357361	頼りになるね！八柱交番	-200
交番	北松戸交番	松戸市上本郷905	35.8006651	139.9098292	頼りになるね！北松戸交番	-200
交番	稔台交番	松戸市稔台99-5	35.7886382	139.9272134	頼りになるね！稔台交番	-200
交番	矢切交番	松戸市下矢切119	35.7572342	139.8976193	頼りになるね！矢切交番	-200
交番	五香交番	松戸市金ヶ作408	35.7968377	139.9640131	頼りになるね！五香交番	-200
交番	小金原交番	松戸市小金原6-6-1	35.8191272	139.9419276	頼りになるね！小金原交番	-200
交番	小金交番	松戸市小金きよしヶ丘1-12-1	35.8321713	139.9318892	頼りになるね！小金交番	-200
交番	常盤平交番	松戸市常盤平3-30-1	35.7990685	139.9502147	頼りになるね！常盤平交番	-200
交番	馬橋交番	松戸市馬橋121	35.8113522	139.9151645	頼りになるね！馬橋交番	-200
交番	六実交番	松戸市六高台7-144	35.8023447	139.9840713	頼りになるね！六実交番	-200